Unmilan Das,Guhati,19,98765456712,100010859,123456,120000
Himanshu Jain,KBJ,19,89845322377,100014542,123456,15000
Himanshu Jain,KBJ,19,8984532237,100004352,123456,150000
Himanshu Jain,KBJ,19,8984532237,100008826,123456,150000
Himanshu Jain,KBJ,19,8984532237,100009267,12345678,25000
Himanshu Jain,KBJ,19,8984532237,100012353,432156,23456
Himanshu Jain,Hola,23,8984532237,100000347,holahola,234500
Aditya Giri,Purnia,27,9006461685,100000788,holabhai,2500000
H,J,19,8984532237,100005347,234567,15000
H,J,88,8984532237,100006092,1234566,1233
